<?xml version="1.0" encoding="utf-8"?>
<gmd:MD_Metadata xmlns:gmd="http://www.isotc211.org/2005/gmd" xmlns:gco="http://www.isotc211.org/2005/gco" xmlns:gml="http://www.opengis.net/gml" xmlns:gts="http://www.isotc211.org/2005/gts" xmlns:xlink="http://www.w3.org/1999/xlink" xmlns:xsi="http://www.w3.org/2001/XMLSchema-instance" xsi:schemaLocation="http://www.isotc211.org/2005/gmd http://schemas.opengis.net/iso/19139/20060504/gmd/gmd.xsd http://www.isotc211.org/2005/srv http://schemas.opengis.net/iso/19139/20060504/srv/srv.xsd">
	<gmd:fileIdentifier>
		<gco:CharacterString>spaSITNAPATRIM_Sym_Fiestas.xml</gco:CharacterString>
	</gmd:fileIdentifier>
	<gmd:language>
		<gmd:LanguageCode codeList="./resources/codeList.xml#LanguageCode" codeListValue="spa">spa</gmd:LanguageCode>
	</gmd:language>
	<gmd:characterSet>
		<gmd:MD_CharacterSetCode codeList="./resources/codeList.xml#MD_CharacterSetCode" codeListValue="utf8">utf8</gmd:MD_CharacterSetCode>
	</gmd:characterSet>
	<gmd:hierarchyLevel>
		<gmd:MD_ScopeCode codeList="./resources/codeList.xml#MD_ScopeCode" codeListValue="dataset">dataset</gmd:MD_ScopeCode>
	</gmd:hierarchyLevel>
	<gmd:contact>
		<gmd:CI_ResponsibleParty>
			<gmd:organisationName>
				<gco:CharacterString>Tracasa Instrumental</gco:CharacterString>
			</gmd:organisationName>
			<gmd:positionName>
				<gco:CharacterString>Administrador de datos</gco:CharacterString>
			</gmd:positionName>
			<gmd:contactInfo>
				<gmd:CI_Contact>
					<gmd:phone>
						<gmd:CI_Telephone>
							<gmd:voice>
								<gco:CharacterString> +34 948 289000; fax: +34 948 249209 </gco:CharacterString>
							</gmd:voice>
						</gmd:CI_Telephone>
					</gmd:phone>
					<gmd:address>
						<gmd:CI_Address>
							<gmd:deliveryPoint>
								<gco:CharacterString>Calle Cabárceno 6</gco:CharacterString>
							</gmd:deliveryPoint>
							<gmd:city>
								<gco:CharacterString>Sarriguren</gco:CharacterString>
							</gmd:city>
							<gmd:administrativeArea>
								<gco:CharacterString>Navarra</gco:CharacterString>
							</gmd:administrativeArea>
							<gmd:postalCode>
								<gco:CharacterString>31621</gco:CharacterString>
							</gmd:postalCode>
							<gmd:country>
								<gco:CharacterString>España</gco:CharacterString>
							</gmd:country>
							<gmd:electronicMailAddress>
								<gco:CharacterString>idena@navarra.es</gco:CharacterString>
							</gmd:electronicMailAddress>
						</gmd:CI_Address>
					</gmd:address>
					<gmd:onlineResource>
						<gmd:CI_OnlineResource>
							<gmd:linkage>
								<gmd:URL>https://www.itracasa.es</gmd:URL>
							</gmd:linkage>
						</gmd:CI_OnlineResource>
					</gmd:onlineResource>
				</gmd:CI_Contact>
			</gmd:contactInfo>
			<gmd:role>
				<gmd:CI_RoleCode codeList="./resources/codeList.xml#CI_RoleCode" codeListValue="pointOfContact">pointOfContact</gmd:CI_RoleCode>
			</gmd:role>
		</gmd:CI_ResponsibleParty>
	</gmd:contact>
	<gmd:dateStamp>
		<gco:DateTime>2022-03-07T00:00:00</gco:DateTime>
	</gmd:dateStamp>
	<gmd:metadataStandardName>
		<gco:CharacterString>IDENA: ISO 19115:2003 + NEM v1.2 + REGLAMENTO CE nº 1205/2008 DE INSPIRE</gco:CharacterString>
	</gmd:metadataStandardName>
	<gmd:metadataStandardVersion>
		<gco:CharacterString>2.0</gco:CharacterString>
	</gmd:metadataStandardVersion>
	<gmd:referenceSystemInfo>
		<gmd:MD_ReferenceSystem>
			<gmd:referenceSystemIdentifier>
				<gmd:RS_Identifier>
					<gmd:code>
						<gco:CharacterString>https://www.opengis.net/def/crs/EPSG/0/25830</gco:CharacterString>
					</gmd:code>
				</gmd:RS_Identifier>
			</gmd:referenceSystemIdentifier>
		</gmd:MD_ReferenceSystem>
	</gmd:referenceSystemInfo>
	<gmd:identificationInfo>
		<gmd:MD_DataIdentification>
			<gmd:citation>
				<gmd:CI_Citation>
					<gmd:title>
						<gco:CharacterString>Fiestas y tradiciones de Navarra</gco:CharacterString>
					</gmd:title>
					<gmd:date>
						<gmd:CI_Date>
							<gmd:date>
								<gco:Date>2021-08-31</gco:Date>
							</gmd:date>
							<gmd:dateType>
								<gmd:CI_DateTypeCode codeList="./resources/codeList.xml#CI_DateTypeCode" codeListValue="creation">creation</gmd:CI_DateTypeCode>
							</gmd:dateType>
						</gmd:CI_Date>
					</gmd:date>
					<gmd:date>
						<gmd:CI_Date>
							<gmd:date>
								<gco:Date>2022-03-07</gco:Date>
							</gmd:date>
							<gmd:dateType>
								<gmd:CI_DateTypeCode codeList="./resources/codeList.xml#CI_DateTypeCode" codeListValue="revision">revision</gmd:CI_DateTypeCode>
							</gmd:dateType>
						</gmd:CI_Date>
					</gmd:date>
					<gmd:date>
						<gmd:CI_Date>
							<gmd:date>
								<gco:Date>2021-10-07</gco:Date>
							</gmd:date>
							<gmd:dateType>
								<gmd:CI_DateTypeCode codeList="./resources/codeList.xml#CI_DateTypeCode" codeListValue="publication">publication</gmd:CI_DateTypeCode>
							</gmd:dateType>
						</gmd:CI_Date>
					</gmd:date>
					<gmd:identifier>
						<gmd:RS_Identifier>
							<gmd:code>
								<gco:CharacterString>PATRIM_Sym_Fiestas</gco:CharacterString>
							</gmd:code>
							<gmd:codeSpace>
								<gco:CharacterString>https://sitna.navarra.es</gco:CharacterString>
							</gmd:codeSpace>
						</gmd:RS_Identifier>
					</gmd:identifier>
				</gmd:CI_Citation>
			</gmd:citation>
			<gmd:abstract>
				<gco:CharacterString>Georreferenciación de las fiestas y tradiciones de las poblaciones de Navarra.</gco:CharacterString>
			</gmd:abstract>
			<gmd:purpose>
				<gco:CharacterString>El propósito de esta capa es el de ubicar y difundir en SITNA los valores culturales, fiestas  y tradiciones de distintas poblaciones.</gco:CharacterString>
			</gmd:purpose>
			<gmd:credit>
				<gco:CharacterString>SITNA – Sistema de Información Territorial de Navarra.</gco:CharacterString>
			</gmd:credit>
			<gmd:status>
				<gmd:MD_ProgressCode codeList="./resources/codeList.xml#MD_ProgressCode" codeListValue="completed">completed</gmd:MD_ProgressCode>
			</gmd:status>
			<gmd:pointOfContact>
				<gmd:CI_ResponsibleParty>
					<gmd:organisationName>
						<gco:CharacterString>SITNA – Sistema de Información Territorial de Navarra.</gco:CharacterString>
					</gmd:organisationName>
					<gmd:contactInfo>
						<gmd:CI_Contact>
							<gmd:address>
								<gmd:CI_Address>
									<gmd:electronicMailAddress>
										<gco:CharacterString>sitna@navarra.es</gco:CharacterString>
									</gmd:electronicMailAddress>
								</gmd:CI_Address>
							</gmd:address>
							<gmd:onlineResource>
								<gmd:CI_OnlineResource>
									<gmd:linkage>
										<gmd:URL>https://sitna.navarra.es/</gmd:URL>
									</gmd:linkage>
								</gmd:CI_OnlineResource>
							</gmd:onlineResource>
						</gmd:CI_Contact>
					</gmd:contactInfo>
					<gmd:role>
						<gmd:CI_RoleCode codeList="./resources/codeList.xml#CI_RoleCode" codeListValue="pointOfContact">pointOfContact</gmd:CI_RoleCode>
					</gmd:role>
				</gmd:CI_ResponsibleParty>
			</gmd:pointOfContact>
			<gmd:resourceMaintenance>
				<gmd:MD_MaintenanceInformation>
					<gmd:maintenanceAndUpdateFrequency>
						<gmd:MD_MaintenanceFrequencyCode codeList="./resources/codeList.xml#MD_MaintenanceFrequencyCode" codeListValue="asNeeded">asNeeded</gmd:MD_MaintenanceFrequencyCode>
					</gmd:maintenanceAndUpdateFrequency>
				</gmd:MD_MaintenanceInformation>
			</gmd:resourceMaintenance>
			<gmd:graphicOverview>
				<gmd:MD_BrowseGraphic>
					<gmd:fileName>
						<gco:CharacterString>https://idena.navarra.es/img/metadata/fiestas.png</gco:CharacterString>
					</gmd:fileName>
				</gmd:MD_BrowseGraphic>
			</gmd:graphicOverview>
			<gmd:descriptiveKeywords>
				<gmd:MD_Keywords>
					<gmd:keyword>
						<gco:CharacterString>Nombres geográficos</gco:CharacterString>
					</gmd:keyword>
					<gmd:keyword>
						<gco:CharacterString>Geographical names</gco:CharacterString>
					</gmd:keyword>
					<gmd:thesaurusName>
						<gmd:CI_Citation>
							<gmd:title>
								<gco:CharacterString>GEMET - INSPIRE themes, version 1.0</gco:CharacterString>
							</gmd:title>
							<gmd:date>
								<gmd:CI_Date>
									<gmd:date>
										<gco:Date>2008-06-01</gco:Date>
									</gmd:date>
									<gmd:dateType>
										<gmd:CI_DateTypeCode codeList="./resources/codeList.xml#CI_DateTypeCode" codeListValue="publication">publication</gmd:CI_DateTypeCode>
									</gmd:dateType>
								</gmd:CI_Date>
							</gmd:date>
						</gmd:CI_Citation>
					</gmd:thesaurusName>
				</gmd:MD_Keywords>
			</gmd:descriptiveKeywords>
			<gmd:resourceSpecificUsage>
				<gmd:MD_Usage>
					<gmd:specificUsage>
						<gco:CharacterString>Fiesta y tradiciones de Navarra</gco:CharacterString>
					</gmd:specificUsage>
					<gmd:userContactInfo>
						<gmd:CI_ResponsibleParty>
							<gmd:organisationName>
								<gco:CharacterString>SITNA – Sistema de Información Territorial de Navarra</gco:CharacterString>
							</gmd:organisationName>
							<gmd:contactInfo>
								<gmd:CI_Contact>
									<gmd:address>
										<gmd:CI_Address>
											<gmd:electronicMailAddress>
												<gco:CharacterString>sitna@navarra.es</gco:CharacterString>
											</gmd:electronicMailAddress>
										</gmd:CI_Address>
									</gmd:address>
								</gmd:CI_Contact>
							</gmd:contactInfo>
							<gmd:role>
								<gmd:CI_RoleCode codeList="./resources/codeList.xml#CI_RoleCode" codeListValue="user">user</gmd:CI_RoleCode>
							</gmd:role>
						</gmd:CI_ResponsibleParty>
					</gmd:userContactInfo>
				</gmd:MD_Usage>
			</gmd:resourceSpecificUsage>
			<gmd:resourceConstraints>
				<gmd:MD_LegalConstraints>
					<gmd:useLimitation>
						<gco:CharacterString>        Esta capa se publica bajo los términos de la licencia Creative Commons Reconocimiento 4.0 Internacional (CC BY 4.0).
        Será necesario nombrar la fuente de procedencia de la información de la manera siguiente: "Información geográfica propiedad del Gobierno de Navarra.".
        Más información sobre los términos de uso en:
        [ https://www.gobiernoabierto.navarra.es/es/open-data/datos/terminos-de-uso ]
        [ https://creativecommons.org/licenses/by/4.0/deed.es_ES ]       </gco:CharacterString>
					</gmd:useLimitation>
					<gmd:accessConstraints>
						<gmd:MD_RestrictionCode codeList="./resources/codeList.xml#MD_RestrictionCode" codeListValue="license">license</gmd:MD_RestrictionCode>
					</gmd:accessConstraints>
					<gmd:useConstraints>
						<gmd:MD_RestrictionCode codeList="./resources/codeList.xml#MD_RestrictionCode" codeListValue="license">license</gmd:MD_RestrictionCode>
					</gmd:useConstraints>
					<gmd:otherConstraints gco:nilReason="inapplicable" />
				</gmd:MD_LegalConstraints>
			</gmd:resourceConstraints>
			<gmd:resourceConstraints>
				<gmd:MD_SecurityConstraints>
					<gmd:classification>
						<gmd:MD_ClassificationCode codeList="./resources/codeList.xml#MD_ClassificationCode" codeListValue="unclassified">unclassified</gmd:MD_ClassificationCode>
					</gmd:classification>
					<gmd:classificationSystem>
						<gco:CharacterString>En SITNA se corresponde con un dato de difusión pública.</gco:CharacterString>
					</gmd:classificationSystem>
				</gmd:MD_SecurityConstraints>
			</gmd:resourceConstraints>
			<gmd:aggregationInfo>
				<gmd:MD_AggregateInformation>
					<gmd:aggregateDataSetName>
						<gmd:CI_Citation>
							<gmd:title>
								<gco:CharacterString>Patrimonio cultural (patrimonio histórico-artístico, Euskera, tradiciones…)</gco:CharacterString>
							</gmd:title>
							<gmd:date>
								<gmd:CI_Date>
									<gmd:date>
										<gco:Date>2021-08-31</gco:Date>
									</gmd:date>
									<gmd:dateType>
										<gmd:CI_DateTypeCode codeList="./resources/codeList.xml#CI_DateTypeCode" codeListValue="creation">creation</gmd:CI_DateTypeCode>
									</gmd:dateType>
								</gmd:CI_Date>
							</gmd:date>
							<gmd:date>
								<gmd:CI_Date>
									<gmd:date>
										<gco:Date>2022-03-07</gco:Date>
									</gmd:date>
									<gmd:dateType>
										<gmd:CI_DateTypeCode codeList="./resources/codeList.xml#CI_DateTypeCode" codeListValue="revision">revision</gmd:CI_DateTypeCode>
									</gmd:dateType>
								</gmd:CI_Date>
							</gmd:date>
						</gmd:CI_Citation>
					</gmd:aggregateDataSetName>
					<gmd:aggregateDataSetIdentifier>
						<gmd:RS_Identifier>
							<gmd:code>
								<gco:CharacterString>PATRIM</gco:CharacterString>
							</gmd:code>
						</gmd:RS_Identifier>
					</gmd:aggregateDataSetIdentifier>
					<gmd:associationType>
						<gmd:DS_AssociationTypeCode codeList="./resources/codeList.xml#DS_AssociationTypeCode" codeListValue="partOfSeamlessDatabase">partOfSeamlessDatabase</gmd:DS_AssociationTypeCode>
					</gmd:associationType>
				</gmd:MD_AggregateInformation>
			</gmd:aggregationInfo>
			<gmd:spatialRepresentationType>
				<gmd:MD_SpatialRepresentationTypeCode codeList="./resources/codeList.xml#MD_SpatialRepresentationTypeCode" codeListValue="vector">vector</gmd:MD_SpatialRepresentationTypeCode>
			</gmd:spatialRepresentationType>
			<gmd:spatialResolution>
				<gmd:MD_Resolution>
					<gmd:equivalentScale>
						<gmd:MD_RepresentativeFraction>
							<gmd:denominator>
								<gco:Integer>10000</gco:Integer>
							</gmd:denominator>
						</gmd:MD_RepresentativeFraction>
					</gmd:equivalentScale>
				</gmd:MD_Resolution>
			</gmd:spatialResolution>
			<gmd:language>
				<gmd:LanguageCode codeList="./resources/codeList.xml#LanguageCode" codeListValue="spa">spa</gmd:LanguageCode>
			</gmd:language>
			<gmd:characterSet>
				<gmd:MD_CharacterSetCode codeList="./resources/codeList.xml#MD_CharacterSetCode" codeListValue="utf8">utf8</gmd:MD_CharacterSetCode>
			</gmd:characterSet>
			<gmd:topicCategory>
				<gmd:MD_TopicCategoryCode>location</gmd:MD_TopicCategoryCode>
			</gmd:topicCategory>
			<gmd:extent>
				<gmd:EX_Extent>
					<gmd:geographicElement>
						<gmd:EX_GeographicBoundingBox>
							<gmd:westBoundLongitude>
								<gco:Decimal>-2.50</gco:Decimal>
							</gmd:westBoundLongitude>
							<gmd:eastBoundLongitude>
								<gco:Decimal>-0.73</gco:Decimal>
							</gmd:eastBoundLongitude>
							<gmd:southBoundLatitude>
								<gco:Decimal>41.91</gco:Decimal>
							</gmd:southBoundLatitude>
							<gmd:northBoundLatitude>
								<gco:Decimal>43.31</gco:Decimal>
							</gmd:northBoundLatitude>
						</gmd:EX_GeographicBoundingBox>
					</gmd:geographicElement>
				</gmd:EX_Extent>
			</gmd:extent>
			<gmd:supplementalInformation>
				<gco:CharacterString>
				Información suplementaria y consultas:
				
				[ https://www.tradicionesyfiestas.com/ ]
				</gco:CharacterString>
			</gmd:supplementalInformation>
		</gmd:MD_DataIdentification>
	</gmd:identificationInfo>
	<gmd:distributionInfo>
		<gmd:MD_Distribution>
			<gmd:distributionFormat>
				<gmd:MD_Format>
					<gmd:name>
						<gco:CharacterString>ESRI Shapefile</gco:CharacterString>
					</gmd:name>
					<gmd:version>
						<gco:CharacterString>Desconocida</gco:CharacterString>
					</gmd:version>
					<gmd:specification>
						<gco:CharacterString>https://inspire.ec.europa.eu/media-types/application</gco:CharacterString>
					</gmd:specification>
				</gmd:MD_Format>
			</gmd:distributionFormat>
			<gmd:transferOptions>
				<gmd:MD_DigitalTransferOptions>
					<gmd:onLine>
						<gmd:CI_OnlineResource>
							<gmd:linkage>
								<gmd:URL>https://idena.navarra.es/descargas/PATRIM_Sym_Fiestas.zip</gmd:URL>
							</gmd:linkage>
							<gmd:name>
								<gco:CharacterString>Enlace a la descarga del Conjunto de Datos Espaciales</gco:CharacterString>
							</gmd:name>
							<gmd:function>
								<gmd:CI_OnLineFunctionCode codeList="./resources/codeList.xml#CI_OnLineFunctionCode" codeListValue="download">download</gmd:CI_OnLineFunctionCode>
							</gmd:function>
						</gmd:CI_OnlineResource>
					</gmd:onLine>
					<gmd:onLine>
						<gmd:CI_OnlineResource>
							<gmd:linkage>
								<gmd:URL>https://idena.navarra.es/navegar/?layerid=PATRIM_Sym_Fiestas</gmd:URL>
							</gmd:linkage>
							<gmd:name>
								<gco:CharacterString>Enlace a la visualización del Conjunto de Datos Espaciales</gco:CharacterString>
							</gmd:name>
							<gmd:function>
								<gmd:CI_OnLineFunctionCode codeList="./resources/codeList.xml#CI_OnLineFunctionCode" codeListValue="information">information</gmd:CI_OnLineFunctionCode>
							</gmd:function>
						</gmd:CI_OnlineResource>
					</gmd:onLine>
				</gmd:MD_DigitalTransferOptions>
			</gmd:transferOptions>
		</gmd:MD_Distribution>
	</gmd:distributionInfo>
	<gmd:dataQualityInfo>
		<gmd:DQ_DataQuality>
			<gmd:scope>
				<gmd:DQ_Scope>
					<gmd:level>
						<gmd:MD_ScopeCode codeList="./resources/codeList.xml#MD_ScopeCode" codeListValue="dataset">dataset</gmd:MD_ScopeCode>
					</gmd:level>
				</gmd:DQ_Scope>
			</gmd:scope>
			<gmd:report>
				<gmd:DQ_DomainConsistency xsi:type="gmd:DQ_DomainConsistency_Type">
					<gmd:result>
						<gmd:DQ_ConformanceResult xsi:type="gmd:DQ_ConformanceResult_Type">
							<gmd:specification>
								<gmd:CI_Citation>
									<gmd:title>
										<gco:CharacterString>Reglamento (CE) no 1205/2008 de la Comisión de 3 de diciembre de 2008 por el que se ejecuta la Directiva 2007/2/CE del Parlamento Europeo y del Consejo en lo que se refiere a los metadatos</gco:CharacterString>
									</gmd:title>
									<gmd:date>
										<gmd:CI_Date>
											<gmd:date>
												<gco:Date>2008-12-04</gco:Date>
											</gmd:date>
											<gmd:dateType>
												<gmd:CI_DateTypeCode codeList="https://standards.iso.org/ittf/PubliclyAvailableStandards/ISO_19139_Schemas/resources/Codelist/gmxCodelists.xml#CI_DateTypeCode" codeListValue="publication">publication</gmd:CI_DateTypeCode>
											</gmd:dateType>
										</gmd:CI_Date>
									</gmd:date>
								</gmd:CI_Citation>
							</gmd:specification>
							<gmd:explanation>
								<gco:CharacterString>Ver la especificación de referencia</gco:CharacterString>
							</gmd:explanation>
							<gmd:pass>
								<gco:Boolean>true</gco:Boolean>
							</gmd:pass>
						</gmd:DQ_ConformanceResult>
					</gmd:result>
				</gmd:DQ_DomainConsistency>
			</gmd:report>
			<gmd:report>
				<gmd:DQ_DomainConsistency xsi:type="gmd:DQ_DomainConsistency_Type">
					<gmd:result>
						<gmd:DQ_ConformanceResult xsi:type="gmd:DQ_ConformanceResult_Type">
							<gmd:specification>
								<gmd:CI_Citation>
									<gmd:title>
										<gco:CharacterString>Reglamento (UE) no 1089/2010 de la Comisión de 23 de noviembre de 2010 por el que se aplica la Directiva 2007/2/CE del Parlamento Europeo y del Consejo en lo que se refiere a la interoperabilidad de los conjuntos y los servicios de datos espaciales</gco:CharacterString>
									</gmd:title>
									<gmd:date>
										<gmd:CI_Date>
											<gmd:date>
												<gco:Date>2010-12-08</gco:Date>
											</gmd:date>
											<gmd:dateType>
												<gmd:CI_DateTypeCode codeList="https://standards.iso.org/ittf/PubliclyAvailableStandards/ISO_19139_Schemas/resources/Codelist/gmxCodelists.xml#CI_DateTypeCode" codeListValue="publication">publication</gmd:CI_DateTypeCode>
											</gmd:dateType>
										</gmd:CI_Date>
									</gmd:date>
								</gmd:CI_Citation>
							</gmd:specification>
							<gmd:explanation>
								<gco:CharacterString>Ver la especificación de referencia</gco:CharacterString>
							</gmd:explanation>
							<gmd:pass>
								<gco:Boolean>false</gco:Boolean>
							</gmd:pass>
						</gmd:DQ_ConformanceResult>
					</gmd:result>
				</gmd:DQ_DomainConsistency>
			</gmd:report>
			<gmd:report>
				<gmd:DQ_DomainConsistency xsi:type="gmd:DQ_DomainConsistency_Type">
					<gmd:result>
						<gmd:DQ_ConformanceResult>
							<gmd:specification>
								<gmd:CI_Citation>
									<gmd:title>
										<gco:CharacterString>Los datos son conformes según las reglas del propio modelo conceptual del SITNA, que engloba aspectos de calidad como precisión y topología, formato, nomenclatura y contenido de la información (Completitud y Omisión).</gco:CharacterString>
									</gmd:title>
									<gmd:date>
										<gmd:CI_Date>
											<gmd:date>
												<gco:Date>2014-04-14</gco:Date>
											</gmd:date>
											<gmd:dateType>
												<gmd:CI_DateTypeCode codeList="https://standards.iso.org/ittf/PubliclyAvailableStandards/ISO_19139_Schemas/resources/Codelist/gmxCodelists.xml#CI_DateTypeCode" codeListValue="publication">publication</gmd:CI_DateTypeCode>
											</gmd:dateType>
										</gmd:CI_Date>
									</gmd:date>
								</gmd:CI_Citation>
							</gmd:specification>
							<gmd:explanation>
								<gco:CharacterString>Consistencia Conceptual.</gco:CharacterString>
							</gmd:explanation>
							<gmd:pass>
								<gco:Boolean>true</gco:Boolean>
							</gmd:pass>
						</gmd:DQ_ConformanceResult>
					</gmd:result>
				</gmd:DQ_DomainConsistency>
			</gmd:report>
			<gmd:lineage>
				<gmd:LI_Lineage>
					<gmd:statement>
						<gco:CharacterString>Información proporcionada por el productor</gco:CharacterString>
					</gmd:statement>
					<gmd:processStep>
						<gmd:LI_ProcessStep>
							<gmd:description>
								<gco:CharacterString>Capa creada en QGIS a partir de la localización de los distintos municipios donde tienen lugar cada uno de los eventos festivos y la geolocalización de los mismos.</gco:CharacterString>
							</gmd:description>
						</gmd:LI_ProcessStep>
					</gmd:processStep>
					<gmd:source>
						<gmd:LI_Source>
							<gmd:description>
								<gco:CharacterString>La principal fuente empleada es la información de Turismo, que determina las festividades declaradas de Interés Turístico de la Comunidad Foral. (Nota de prensa del 20-02-2012).</gco:CharacterString>
							</gmd:description>
						</gmd:LI_Source>
					</gmd:source>
				</gmd:LI_Lineage>
			</gmd:lineage>
		</gmd:DQ_DataQuality>
	</gmd:dataQualityInfo>
</gmd:MD_Metadata>